Timestamp,What's Your Age Group?,Which digital devices do you currently use?,How often do you use your phone?,What is the main reason you currently do not use a phone?,How do you usually communicate with family or friends?,Would you be interested in learning how to use a mobile phone?,How would you rate your knowledge about digital fraud and online scams?,What would you like to learn?,What do you mainly use your phone for?,Do you currently use any digital services through your phone?,Why do you prefer using a keypad phone?,Would you be interested in learning how to use a smartphone?,How would you rate your knowledge about digital fraud and online scams?,What would you like to learn on a smartphone?,"Have you ever received a suspicious call, message, link, or request asking for an OTP, PIN, password, or money?","If someone calls and asks for your OTP or UPI PIN, what would you do?",How Confidently You can use your Phone?,How would you rate your knowledge about digital fraud and online scams?,What do you mainly use your smartphone for?,Which of these smartphone activities can you do without anyone's help?,Which of these activities do you need help with?
2026/10/01 7:40:13 am GMT+5:30,70-75,Smartphone,Several times a day,,,,,,,,,,,,Yes,Do not,3,3,Phone calls;Messaging;Video Calls;Youtube;Taking Photos / Videos,Make and receive calls;Save / Delete contacts;Send/read email;Install/Delete/Update an app;Make WhatsApp voice/video calls;Change basic phone settings,Make UPI payments;Use Google Maps
2026/10/01 7:54:42 am GMT+5:30,75-80,Smartphone,A few times a week,,,,,,,,,,,,Not Sure,Not Sure,2,2,Phone calls;Video Calls;Youtube;Taking Photos / Videos,Make and receive calls;Make WhatsApp voice/video calls;Send photos/videos,Make UPI payments;Send/read email;Change basic phone settings;Upload a photo/document;Use Google Maps
2026/10/01 8:28:29 am GMT+5:30,75-80,Smartphone,Rarely,,,,,,,,,,,,No,Do not,4,4,Phone calls;Messaging;Video Calls;Youtube;Taking Photos / Videos,Make and receive calls;Save / Delete contacts;Install/Delete/Update an app;Make WhatsApp voice/video calls;Send photos/videos;Change basic phone settings,Make UPI payments;Send/read email;Install/Delete/Update an app;Make WhatsApp voice/video calls;Send photos/videos
2026/10/02 7:05:54 pm GMT+5:30,70-75,Keypad,Once or twice a day,,,,,,Making / Receiving phone calls;Sending SMS;Receiving SMS;Saving and managing contacts,SMS services,I don't feel the need for a smartphone,No,3,"Nothing, I am Fine",,,,,,,
2026/10/02 7:07:31 pm GMT+5:30,65-70,Keypad,Once or twice a day,,,,,,Making / Receiving phone calls;Receiving SMS;Saving and managing contacts,SMS services,I have not had an opportunity to learn how to use a smartphone,Yes,1,WhatsApp / messaging;Video calls;Taking and sending photos;Watching YouTube;Digital payments / UPI,,,,,,,
2026/10/02 7:10:20 pm GMT+5:30,75-80,Keypad,A few times a week,,,,,,Making / Receiving phone calls,I don't use any digital services,It is simple and easy to use,No,1,"Nothing, I am Fine",,,,,,,
2026/10/02 7:12:03 pm GMT+5:30,65-70,Keypad,Once or twice a day,,,,,,Making / Receiving phone calls;Receiving SMS;Saving and managing contacts,USSD banking services,I have not had an opportunity to learn how to use a smartphone,Maybe,3,Making and receiving calls;WhatsApp / messaging;Video calls;Taking and sending photos;Watching YouTube;Digital payments / UPI;Online banking,,,,,,,
2026/10/02 7:14:45 pm GMT+5:30,75-80,None,Rarely,I don't feel the need for one,I use someone else's phone,Maybe,1,Making and receiving calls;Making video calls,,,,,,,,,,,,,
2026/10/02 7:15:40 pm GMT+5:30,75-80,None,Several times a day,I don't have access to a phone,Family members call me through someone else,Yes,2,Making and receiving calls;Sending and receiving messages;Using WhatsApp;Making video calls;Taking and viewing photos;Using the internet,,,,,,,,,,,,,
2026/10/02 7:19:15 pm GMT+5:30,70-75,None,Once or twice a day,I have never learned how to use one,I use someone else's phone,Maybe,1,"Nothing, I am Fine",,,,,,,,,,,,,
2026/10/02 7:20:04 pm GMT+5:30,75-80,None,Rarely,I don't feel the need for one,I communicate mainly in person,No,1,"Nothing, I am Fine",,,,,,,,,,,,,
2026/10/03 11:06:26 am GMT+5:30,70-75,Smartphone,Several times a day,,,,,,,,,,,,Not Sure,Do not,3,3,Phone calls;Messaging;Youtube,Make and receive calls;Save / Delete contacts;Send photos/videos,Make UPI payments;Install/Delete/Update an app;Make WhatsApp voice/video calls;Upload a photo/document
2026/10/03 11:07:15 am GMT+5:30,75-80,Smartphone,Several times a day,,,,,,,,,,,,Yes,Do not,5,5,Phone calls;Messaging;Video Calls;Youtube;Taking Photos / Videos;Digital Payments;Email;Filling Online Forms,Make and receive calls;Save / Delete contacts;Make UPI payments;Send/read email;Install/Delete/Update an app;Make WhatsApp voice/video calls;Send photos/videos;Change basic phone settings;Upload a photo/document;Use Google Maps,I am Good
2026/10/03 11:08:17 am GMT+5:30,70-75,Smartphone,Rarely,,,,,,,,,,,,Not Sure,Share it,1,1,Phone calls;Youtube,Make and receive calls;Save / Delete contacts,Make UPI payments;Install/Delete/Update an app;Make WhatsApp voice/video calls;Send photos/videos;Change basic phone settings;Upload a photo/document;Use Google Maps
2026/10/03 11:11:31 am GMT+5:30,65-70,Smartphone,Several times a day,,,,,,,,,,,,No,Ask Someone I trust,3,4,Phone calls;Messaging;Video Calls;Youtube;Taking Photos / Videos;Digital Payments;Email;Online Shopping;Filling Online Forms,Make and receive calls;Save / Delete contacts;Make UPI payments;Send/read email;Install/Delete/Update an app;Make WhatsApp voice/video calls;Send photos/videos;Change basic phone settings;Upload a photo/document;Use Google Maps,I am Good
2026/10/03 11:12:19 am GMT+5:30,65-70,Smartphone,Several times a day,,,,,,,,,,,,No,Do not,3,4,Phone calls;Messaging;Video Calls;Youtube;Taking Photos / Videos;Digital Payments;Email;Online Shopping;Filling Online Forms,Make and receive calls;Make UPI payments;Install/Delete/Update an app;Send photos/videos,Make and receive calls;Make UPI payments;Send/read email;Make WhatsApp voice/video calls;Change basic phone settings;Upload a photo/document
2026/10/03 11:12:50 am GMT+5:30,70-75,Smartphone,Several times a day,,,,,,,,,,,,Yes,Do not,2,3,Phone calls;Youtube;Taking Photos / Videos;Online Shopping,Make and receive calls;Install/Delete/Update an app;Upload a photo/document,Make UPI payments;Change basic phone settings;Use Google Maps
2026/10/03 11:13:03 am GMT+5:30,65-70,Keypad,Once or twice a day,,,,,,Making / Receiving phone calls;Receiving SMS,Mobile banking,I am concerned about safety or scams,No,2,Video calls;Searching on Google;Digital payments / UPI;Online shopping;Booking tickets/appointments,,,,,,,
